Nom,record id,Nom tache,tache template,Jour ref,Avant / Après,nb J,Quand ?,min par m2,template,From field: tache template,Tache,Espèces
Biodisque Carottes (conservation),recK7pmvw9XuEFFfv,Biodisque,Biodisque ,Implantation,après,21,21 jours après Implantation,"3,0",,,,Carottes (conservation)
Faux-semis Carottes (conservation),recJhONdfz9Z2j6vg,Faux-semis,Faux-semis ,Implantation,avant,7,7 jours avant Implantation,"7,0",,,,Carottes (conservation)
Désherbage thermique Carottes (conservation),reccPhWNluyx0RXS4,Désherbage thermique,Désherbage thermique ,Implantation,après,5,5 jours après Implantation,"2,0",,,,Carottes (conservation)
Herse étrille Carottes (conservation),recWSIzomSpkzq7oB,Herse étrille,Herse étrille ,Implantation,après,10,10 jours après Implantation,"2,0",,,,Carottes (conservation)
Semis pépinière Mesclun (mix),recBkECuAKtrdcRQ5,Semis pépinière,Semis pépinière ,,,,A planifier,"5,0",,,,Mesclun (mix)
Transplantation Mesclun (mix),reckQ5bd1dvVNfVaF,Transplantation,Transplantation ,,,,A planifier,"10,0",,,,Mesclun (mix)
1ère Récolte Mesclun (mix),rech1bmhsiXR6IIB4,1ère Récolte,1ère Récolte ,,,,A planifier,"10,0",,,,Mesclun (mix)
Semis direct Tatsoi (mini),recS3mwjW6U1y5IdZ,Semis direct,Semis direct ,,,,A planifier,"4,0",,,,Tatsoi (mini)
1ère Récolte Tatsoi (mini),recVCuZh2wGmUC3Ji,1ère Récolte,1ère Récolte ,,,,A planifier,"10,0",,,,Tatsoi (mini)
Semis pépinière Céleri-rave (mini),recJAnw8iNTNEWv0n,Semis pépinière,Semis pépinière ,,,,A planifier,"5,0",,,,Céleri-rave (mini)
Transplantation Céleri-rave (mini),recDBRb0Wu48cwqqF,Transplantation,Transplantation ,,,,A planifier,"10,0",,,,Céleri-rave (mini)
1ère Récolte Céleri-rave (mini),recwoun3crU9srDWz,1ère Récolte,1ère Récolte ,,,,A planifier,"10,0",,,,Céleri-rave (mini)
Semis pépinière Scabieuse,recnHrVqUUZUliWQL,Semis pépinière,Semis pépinière ,,,,A planifier,"5,0",,,,Scabieuse
Transplantation Scabieuse,recDhoMWqMTgst5Zd,Transplantation,Transplantation ,,,,A planifier,"10,0",,,,Scabieuse
1ère Récolte Scabieuse,recb49hntSU5p2lrx,1ère Récolte,1ère Récolte ,,,,A planifier,"10,0",,,,Scabieuse
Semis pépinière Bok choy,rec8xI4xOGSa0TZ6I,Semis pépinière,Semis pépinière ,,,,A planifier,"5,0",,,,Bok choy
Transplantation Bok choy,recPyaPKmld9Hczhd,Transplantation,Transplantation ,,,,A planifier,"10,0",,,,Bok choy
1ère Récolte Bok choy,rec3GsvqEitCT38YJ,1ère Récolte,1ère Récolte ,,,,A planifier,"10,0",,,,Bok choy
Semis pépinière Courges d'hiver,recsQWE7G4bic160U,Semis pépinière,Semis pépinière ,,,,A planifier,"5,0",,,,Courges d'hiver
Transplantation Courges d'hiver,recHBUCFgBgNaNB9U,Transplantation,Transplantation ,,,,A planifier,"10,0",,,,Courges d'hiver
1ère Récolte Courges d'hiver,recxYtrSAoLM6tlJe,1ère Récolte,1ère Récolte ,,,,A planifier,"10,0",,,,Courges d'hiver
Semis pépinière Poireaux (conservation),recszGDqG7CTfOB7N,Semis pépinière,Semis pépinière ,,,,A planifier,"5,0",,,,Poireaux (conservation)
Transplantation Poireaux (conservation),recGyB3j7yrhx27K4,Transplantation,Transplantation ,,,,A planifier,"10,0",,,,Poireaux (conservation)
1ère Récolte Poireaux (conservation),rec0cIaKswyjb4NFl,1ère Récolte,1ère Récolte ,,,,A planifier,"10,0",,,,Poireaux (conservation)
Semis pépinière Celosie à plumes,recxpyQu18bSuYR91,Semis pépinière,Semis pépinière ,,,,A planifier,"5,0",,,,Celosie à plumes
Transplantation Celosie à plumes,receMur6maughW9Jx,Transplantation,Transplantation ,,,,A planifier,"10,0",,,,Celosie à plumes
1ère Récolte Celosie à plumes,recc4TetZ8o533SUu,1ère Récolte,1ère Récolte ,,,,A planifier,"10,0",,,,Celosie à plumes
Semis pépinière Persil,rec9QeKMJ76evm9M6,Semis pépinière,Semis pépinière ,,,,A planifier,"5,0",,,,Persil
Transplantation Persil,rec82k2y3p87iMY7l,Transplantation,Transplantation ,,,,A planifier,"10,0",,,,Persil
1ère Récolte Persil,reciTiywcr67W3ZFB,1ère Récolte,1ère Récolte ,,,,A planifier,"10,0",,,,Persil
Semis pépinière Rutabaga,receaahwoxjk9HqGl,Semis pépinière,Semis pépinière ,,,,A planifier,"5,0",,,,Rutabaga
Transplantation Rutabaga,recH65pHd974AIYuC,Transplantation,Transplantation ,,,,A planifier,"10,0",,,,Rutabaga
1ère Récolte Rutabaga,recKtq1YbhcBdeIup,1ère Récolte,1ère Récolte ,,,,A planifier,"10,0",,,,Rutabaga
Semis pépinière Delphinium,rec19zZ8B3phhEFQ4,Semis pépinière,Semis pépinière ,,,,A planifier,"5,0",,,,Delphinium
Transplantation Delphinium,rec6Bl1YkGRS11Jlu,Transplantation,Transplantation ,,,,A planifier,"10,0",,,,Delphinium
1ère Récolte Delphinium,recDmUEwfzufZMLNw,1ère Récolte,1ère Récolte ,,,,A planifier,"10,0",,,,Delphinium
Semis pépinière Celosie,recn6waEIIPWsZLTr,Semis pépinière,Semis pépinière ,,,,A planifier,"5,0",,,,Celosie
Transplantation Celosie,reci2Cuuk49WVJcnn,Transplantation,Transplantation ,,,,A planifier,"10,0",,,,Celosie
1ère Récolte Celosie,reco04gTZObHKtwsb,1ère Récolte,1ère Récolte ,,,,A planifier,"10,0",,,,Celosie
Semis pépinière Petite vigne ballon,rec7tcAD15zO2E8aT,Semis pépinière,Semis pépinière ,,,,A planifier,"5,0",,,,Petite vigne ballon
Transplantation Petite vigne ballon,recqeki4F3AvbYMa5,Transplantation,Transplantation ,,,,A planifier,"10,0",,,,Petite vigne ballon
1ère Récolte Petite vigne ballon,rechscySHA9uq9Gd9,1ère Récolte,1ère Récolte ,,,,A planifier,"10,0",,,,Petite vigne ballon
Semis pépinière Dauphinelle,recKKrav5vckldQVr,Semis pépinière,Semis pépinière ,,,,A planifier,"5,0",,,,Dauphinelle
Transplantation Dauphinelle,recaha6hZxvbvYTW7,Transplantation,Transplantation ,,,,A planifier,"10,0",,,,Dauphinelle
1ère Récolte Dauphinelle,recx9f3irZi7NM241,1ère Récolte,1ère Récolte ,,,,A planifier,"10,0",,,,Dauphinelle
Semis pépinière Amarante,recDmz8ldbmxBIc39,Semis pépinière,Semis pépinière ,,,,A planifier,"5,0",,,,Amarante
Transplantation Amarante,recXRSS2g9DQbOevD,Transplantation,Transplantation ,,,,A planifier,"10,0",,,,Amarante
1ère Récolte Amarante,reciHAeQKQdtGlX2B,1ère Récolte,1ère Récolte ,,,,A planifier,"10,0",,,,Amarante
Semis pépinière Giroflée,rec0yBiJnrwaONPCk,Semis pépinière,Semis pépinière ,,,,A planifier,"5,0",,,,Giroflée
Transplantation Giroflée,recXNl3gUnoq3fEAL,Transplantation,Transplantation ,,,,A planifier,"10,0",,,,Giroflée
1ère Récolte Giroflée,recly2GvzCqETERMC,1ère Récolte,1ère Récolte ,,,,A planifier,"10,0",,,,Giroflée
Semis pépinière Lavatère,recHUIPQV2Ky0tRim,Semis pépinière,Semis pépinière ,,,,A planifier,"5,0",,,,Lavatère
Transplantation Lavatère,rec3g17NGQppcVrvU,Transplantation,Transplantation ,,,,A planifier,"10,0",,,,Lavatère
1ère Récolte Lavatère,recrTU9QFLKBJdg5H,1ère Récolte,1ère Récolte ,,,,A planifier,"10,0",,,,Lavatère
Semis pépinière Gingembre (petit),recwYyyVD2HgXmFds,Semis pépinière,Semis pépinière ,,,,A planifier,"5,0",,,,Gingembre (petit)
Transplantation Gingembre (petit),recxIMQg8ECwLMl3z,Transplantation,Transplantation ,,,,A planifier,"10,0",,,,Gingembre (petit)
1ère Récolte Gingembre (petit),recS7Q1bU2w9Grrxs,1ère Récolte,1ère Récolte ,,,,A planifier,"10,0",,,,Gingembre (petit)
Semis pépinière Pansée,recnfIRma6IhLb6kC,Semis pépinière,Semis pépinière ,,,,A planifier,"5,0",,,,Pansée
Transplantation Pansée,recAivrNnFPJDRevL,Transplantation,Transplantation ,,,,A planifier,"10,0",,,,Pansée
1ère Récolte Pansée,recNQpLgnmCGtdFyY,1ère Récolte,1ère Récolte ,,,,A planifier,"10,0",,,,Pansée
Semis pépinière Aneth,recyDDfV0oHLT43Ax,Semis pépinière,Semis pépinière ,,,,A planifier,"5,0",,,,Aneth
Transplantation Aneth,recHbnPwAjiLwr5s2,Transplantation,Transplantation ,,,,A planifier,"10,0",,,,Aneth
1ère Récolte Aneth,rec5ZH0zk6o1MiCwW,1ère Récolte,1ère Récolte ,,,,A planifier,"10,0",,,,Aneth
Semis pépinière Oignon (frais),recxH1nkkz7WylTlT,Semis pépinière,Semis pépinière ,,,,A planifier,"5,0",,,,Oignon (frais)
Transplantation Oignon (frais),rec0ClBk1LDbWiM3E,Transplantation,Transplantation ,,,,A planifier,"10,0",,,,Oignon (frais)
1ère Récolte Oignon (frais),recPgAs6NoIkLRSCM,1ère Récolte,1ère Récolte ,,,,A planifier,"10,0",,,,Oignon (frais)
Semis pépinière Pavot fruit,recwTaI4H6ksmpniB,Semis pépinière,Semis pépinière ,,,,A planifier,"5,0",,,,Pavot fruit
Transplantation Pavot fruit,recXFeQj60t7wcwjh,Transplantation,Transplantation ,,,,A planifier,"10,0",,,,Pavot fruit
1ère Récolte Pavot fruit,recKWv981Uso2oiEU,1ère Récolte,1ère Récolte ,,,,A planifier,"10,0",,,,Pavot fruit
Semis pépinière Craspedia,recQhwKjtxbyrP1kB,Semis pépinière,Semis pépinière ,,,,A planifier,"5,0",,,,Craspedia
Transplantation Craspedia,receYDF9E4flEj7ZT,Transplantation,Transplantation ,,,,A planifier,"10,0",,,,Craspedia
1ère Récolte Craspedia,recnKr8sfgDZB5pyd,1ère Récolte,1ère Récolte ,,,,A planifier,"10,0",,,,Craspedia
Semis pépinière Mesclun (mix),recJyz424CbZfACIX,Semis pépinière,Semis pépinière ,,,,A planifier,"5,0",,,,Mesclun (mix)
Transplantation Mesclun (mix),recZg6s47p10IWiEy,Transplantation,Transplantation ,,,,A planifier,"10,0",,,,Mesclun (mix)
1ère Récolte Mesclun (mix),recRvoK28lkIQyFgV,1ère Récolte,1ère Récolte ,,,,A planifier,"10,0",,,,Mesclun (mix)
Semis pépinière Cosmos,recbPpOfm7I1zkFrh,Semis pépinière,Semis pépinière ,,,,A planifier,"5,0",,,,Cosmos
Transplantation Cosmos,recCOSN0eBIKAg7ab,Transplantation,Transplantation ,,,,A planifier,"10,0",,,,Cosmos
1ère Récolte Cosmos,recQz685ojJ0WS7kf,1ère Récolte,1ère Récolte ,,,,A planifier,"10,0",,,,Cosmos
Semis pépinière Ammi Dara,recgYbqgFvw1bOqOU,Semis pépinière,Semis pépinière ,,,,A planifier,"5,0",,,,Ammi Dara
Transplantation Ammi Dara,rec2K4yuxoC4p23xj,Transplantation,Transplantation ,,,,A planifier,"10,0",,,,Ammi Dara
1ère Récolte Ammi Dara,recHFcPinlIv8mC7F,1ère Récolte,1ère Récolte ,,,,A planifier,"10,0",,,,Ammi Dara
Semis pépinière Chicorée frisée,recjlEE0xLe211Mhr,Semis pépinière,Semis pépinière ,,,,A planifier,"5,0",,,,Chicorée frisée
Transplantation Chicorée frisée,recALbaLkbcLFPVP5,Transplantation,Transplantation ,,,,A planifier,"10,0",,,,Chicorée frisée
1ère Récolte Chicorée frisée,recsd9eywyPLvO2gx,1ère Récolte,1ère Récolte ,,,,A planifier,"10,0",,,,Chicorée frisée
Semis pépinière Nielle,recQtqRmPYmYAXw3J,Semis pépinière,Semis pépinière ,,,,A planifier,"5,0",,,,Nielle
Transplantation Nielle,recssI0ZIRiwrvZCC,Transplantation,Transplantation ,,,,A planifier,"10,0",,,,Nielle
1ère Récolte Nielle,recvPGADQDsV6iwsl,1ère Récolte,1ère Récolte ,,,,A planifier,"10,0",,,,Nielle
Semis pépinière Cinéraire,recC09xc0I2ESrcYQ,Semis pépinière,Semis pépinière ,,,,A planifier,"5,0",,,,Cinéraire
Transplantation Cinéraire,reccNzZKRTPXbsfet,Transplantation,Transplantation ,,,,A planifier,"10,0",,,,Cinéraire
1ère Récolte Cinéraire,recRPjPco6VvI63kp,1ère Récolte,1ère Récolte ,,,,A planifier,"10,0",,,,Cinéraire
Semis pépinière Chicorée Rouge,rec0ctNZowKJq3JPo,Semis pépinière,Semis pépinière ,,,,A planifier,"5,0",,,,Chicorée Rouge
Transplantation Chicorée Rouge,recZtppWhQbVRllGo,Transplantation,Transplantation ,,,,A planifier,"10,0",,,,Chicorée Rouge
1ère Récolte Chicorée Rouge,rec6ZD6o4ObY4ObqS,1ère Récolte,1ère Récolte ,,,,A planifier,"10,0",,,,Chicorée Rouge
Semis pépinière Statice,recuI1xq3l6KfZ5R3,Semis pépinière,Semis pépinière ,,,,A planifier,"5,0",,,,Statice
Transplantation Statice,recFW7YKBZHjKJUqG,Transplantation,Transplantation ,,,,A planifier,"10,0",,,,Statice
1ère Récolte Statice,recTQL70oRJPWam0U,1ère Récolte,1ère Récolte ,,,,A planifier,"10,0",,,,Statice
Semis pépinière Patate douce,recNPdobWhJNdee3f,Semis pépinière,Semis pépinière ,,,,A planifier,"5,0",,,,Patate douce
Transplantation Patate douce,recLSpuMXVYnP9L50,Transplantation,Transplantation ,,,,A planifier,"10,0",,,,Patate douce
1ère Récolte Patate douce,rechvYVAnwKvIu6UF,1ère Récolte,1ère Récolte ,,,,A planifier,"10,0",,,,Patate douce
Semis pépinière Céleri-rave,recEKKdQM71x8d0rb,Semis pépinière,Semis pépinière ,,,,A planifier,"5,0",,,,Céleri-rave
Transplantation Céleri-rave,recCucLOW5RqhKfQm,Transplantation,Transplantation ,,,,A planifier,"10,0",,,,Céleri-rave
1ère Récolte Céleri-rave,recTFKyZcc0RrTWht,1ère Récolte,1ère Récolte ,,,,A planifier,"10,0",,,,Céleri-rave
Semis pépinière Aubergine,recMBqbgUBMLEuYJ9,Semis pépinière,Semis pépinière ,,,,A planifier,"5,0",,,"☐ Semis pépinière,☐ Semis pépinière",Aubergine
Transplantation Aubergine,receipli6yZH2AGNo,Transplantation,Transplantation ,,,,A planifier,"10,0",,,"☐ Transplantation,☐ Transplantation",Aubergine
1ère Récolte Aubergine,rec8IGLAzotECOivs,1ère Récolte,1ère Récolte ,,,,A planifier,"10,0",,,"☐ 1ère Récolte,☐ 1ère Récolte",Aubergine
Semis pépinière Gomphrena,rec8VpFSJeQHGlArs,Semis pépinière,Semis pépinière ,,,,A planifier,"5,0",,,,Gomphrena
Transplantation Gomphrena,recrCsiYpWnQEldNZ,Transplantation,Transplantation ,,,,A planifier,"10,0",,,,Gomphrena
1ère Récolte Gomphrena,recBpsBA0LMqazEif,1ère Récolte,1ère Récolte ,,,,A planifier,"10,0",,,,Gomphrena
Semis pépinière Tomates ancestrales,recQ4XYgY8Ab54AAC,Semis pépinière,Semis pépinière ,,,,A planifier,"5,0",,,,Tomates ancestrales
Transplantation Tomates ancestrales,recODsuSd2YSdMERr,Transplantation,Transplantation ,,,,A planifier,"10,0",,,,Tomates ancestrales
1ère Récolte Tomates ancestrales,recjQcF77bnPqIOGb,1ère Récolte,1ère Récolte ,,,,A planifier,"10,0",,,,Tomates ancestrales
Semis pépinière Myosotis chinois,recVkobsQSo8y2M9t,Semis pépinière,Semis pépinière ,,,,A planifier,"5,0",,,,Myosotis chinois
Transplantation Myosotis chinois,recTIVqr0eSbLH8tg,Transplantation,Transplantation ,,,,A planifier,"10,0",,,,Myosotis chinois
1ère Récolte Myosotis chinois,recJjebsGNNEpcV4h,1ère Récolte,1ère Récolte ,,,,A planifier,"10,0",,,,Myosotis chinois
Semis pépinière Laitue,recJb6kpcbGp9TqJE,Semis pépinière,Semis pépinière ,,,,A planifier,"5,0",,,,Laitue
Transplantation Laitue,recUYlExgERAUEaOi,Transplantation,Transplantation ,,,,A planifier,"10,0",,,,Laitue
1ère Récolte Laitue,rec13GoGmnI1TZ7xM,1ère Récolte,1ère Récolte ,,,,A planifier,"10,0",,,,Laitue
Semis pépinière Échalote,recRfEor0M7T9ZTwd,Semis pépinière,Semis pépinière ,,,,A planifier,"5,0",,,,Échalote
Transplantation Échalote,recSLU5aXdhMgRt4G,Transplantation,Transplantation ,,,,A planifier,"10,0",,,,Échalote
1ère Récolte Échalote,rec8rRc20ZvHuBmMr,1ère Récolte,1ère Récolte ,,,,A planifier,"10,0",,,,Échalote
Semis pépinière Dianthus,recrY3P1UhumT8x4H,Semis pépinière,Semis pépinière ,,,,A planifier,"5,0",,,,Dianthus
Transplantation Dianthus,recVkW6jjXi70UAI1,Transplantation,Transplantation ,,,,A planifier,"10,0",,,,Dianthus
1ère Récolte Dianthus,recbIxM3VK6dsxjRQ,1ère Récolte,1ère Récolte ,,,,A planifier,"10,0",,,,Dianthus
Semis pépinière Tomates cerises,rec4NkYeCiW87HIZE,Semis pépinière,Semis pépinière ,,,,A planifier,"5,0",,,"☐ Semis pépinière,☐ Semis pépinière,☐ Semis pépinière,☐ Semis pépinière",Tomates cerises
Transplantation Tomates cerises,rec9e565X80k8fIyj,Transplantation,Transplantation ,,,,A planifier,"10,0",,,"☐ Transplantation,☐ Transplantation,☐ Transplantation,☐ Transplantation",Tomates cerises
1ère Récolte Tomates cerises,recWfTTBW7Is8CtCz,1ère Récolte,1ère Récolte ,,,,A planifier,"10,0",,,"☐ 1ère Récolte,☐ 1ère Récolte,☐ 1ère Récolte,☐ 1ère Récolte",Tomates cerises
Semis pépinière Tomates,reco41KJ78ZvfelDk,Semis pépinière,Semis pépinière ,,,,A planifier,"5,0",,,"☐ Semis pépinière,☐ Semis pépinière,☐ Semis pépinière,☐ Semis pépinière",Tomates
Transplantation Tomates,rechqxaSFeza9WFaR,Transplantation,Transplantation ,,,,A planifier,"10,0",,,"☐ Transplantation,☐ Transplantation,☐ Transplantation,☐ Transplantation",Tomates
1ère Récolte Tomates,recguMQvl9VwcGT9g,1ère Récolte,1ère Récolte ,,,,A planifier,"10,0",,,"☐ 1ère Récolte,☐ 1ère Récolte,☐ 1ère Récolte,☐ 1ère Récolte",Tomates
Semis pépinière Centaurée Aloha,recxkvnXBSYFXsW6h,Semis pépinière,Semis pépinière ,,,,A planifier,"5,0",,,,Centaurée Aloha
Transplantation Centaurée Aloha,recrgc3fTZt9qprX0,Transplantation,Transplantation ,,,,A planifier,"10,0",,,,Centaurée Aloha
1ère Récolte Centaurée Aloha,recmix9WhzBfXXYXn,1ère Récolte,1ère Récolte ,,,,A planifier,"10,0",,,,Centaurée Aloha
Semis pépinière Chou-rave (conservation),recBKrC8hEDrxhNSw,Semis pépinière,Semis pépinière ,,,,A planifier,"5,0",,,,Chou-rave (conservation)
Transplantation Chou-rave (conservation),recQXv3CFkzdjd4jU,Transplantation,Transplantation ,,,,A planifier,"10,0",,,,Chou-rave (conservation)
1ère Récolte Chou-rave (conservation),rec0zyU05NrNkxBD3,1ère Récolte,1ère Récolte ,,,,A planifier,"10,0",,,,Chou-rave (conservation)
Semis pépinière Cerinthe,recTQmR9JDwXt9qqq,Semis pépinière,Semis pépinière ,,,,A planifier,"5,0",,,,Cerinthe
Transplantation Cerinthe,recqezebJUKIISA0J,Transplantation,Transplantation ,,,,A planifier,"10,0",,,,Cerinthe
1ère Récolte Cerinthe,recctGhIAnJr83XJj,1ère Récolte,1ère Récolte ,,,,A planifier,"10,0",,,,Cerinthe
Semis pépinière Poireaux (été),rec05WWrUF3gTqfLX,Semis pépinière,Semis pépinière ,,,,A planifier,"5,0",,,,Poireaux (été)
Transplantation Poireaux (été),recZYg2CTjzXTc7Uy,Transplantation,Transplantation ,,,,A planifier,"10,0",,,,Poireaux (été)
1ère Récolte Poireaux (été),recAWyFy7U5Gz67uH,1ère Récolte,1ère Récolte ,,,,A planifier,"10,0",,,,Poireaux (été)
Semis pépinière Basilic,recLAYPYNUFfMpPfK,Semis pépinière,Semis pépinière ,,,,A planifier,"5,0",,,"☐ Semis pépinière,☐ Semis pépinière,☐ Semis pépinière,☐ Semis pépinière",Basilic
Transplantation Basilic,recHYNHez9dv9E8wd,Transplantation,Transplantation ,,,,A planifier,"10,0",,,"☐ Transplantation,☐ Transplantation,☐ Transplantation,☐ Transplantation",Basilic
1ère Récolte Basilic,rec34GevDQN1Nvqpm,1ère Récolte,1ère Récolte ,,,,A planifier,"10,0",,,"☐ 1ère Récolte,☐ 1ère Récolte,☐ 1ère Récolte,☐ 1ère Récolte",Basilic
Semis pépinière Menthe,recA4IbqMXWXIUkhu,Semis pépinière,Semis pépinière ,,,,A planifier,"5,0",,,,Menthe
Transplantation Menthe,rec8IusFrLuN1x03D,Transplantation,Transplantation ,,,,A planifier,"10,0",,,,Menthe
1ère Récolte Menthe,recDQdmbvEo0xpnVZ,1ère Récolte,1ère Récolte ,,,,A planifier,"10,0",,,,Menthe
Semis pépinière Tatsoi,rec7ua3uVOUuiLCxD,Semis pépinière,Semis pépinière ,,,,A planifier,"5,0",,,,Tatsoi
Transplantation Tatsoi,rec2I4nBGrRpmYW5x,Transplantation,Transplantation ,,,,A planifier,"10,0",,,,Tatsoi
1ère Récolte Tatsoi,rec1J2yR93s2FdkoI,1ère Récolte,1ère Récolte ,,,,A planifier,"10,0",,,,Tatsoi
Semis pépinière Ammi,rec0t055ez6u6vl3S,Semis pépinière,Semis pépinière ,,,,A planifier,"5,0",,,,Ammi
Transplantation Ammi,recJBEL14qbi5RTfH,Transplantation,Transplantation ,,,,A planifier,"10,0",,,,Ammi
1ère Récolte Ammi,rec5mDFzkuKdOtdFk,1ère Récolte,1ère Récolte ,,,,A planifier,"10,0",,,,Ammi
Semis pépinière Piments forts,receuOekJeLb9hoJn,Semis pépinière,Semis pépinière ,,,,A planifier,"5,0",,,,Piments forts
Transplantation Piments forts,recm48PQZ2XaOJThC,Transplantation,Transplantation ,,,,A planifier,"10,0",,,,Piments forts
1ère Récolte Piments forts,rec1iKhrnr7S13En4,1ère Récolte,1ère Récolte ,,,,A planifier,"10,0",,,,Piments forts
Semis pépinière Achillée millefeuille,reco67RbP2XEYckiX,Semis pépinière,Semis pépinière ,,,,A planifier,"5,0",,,,Achillée millefeuille
Transplantation Achillée millefeuille,reczXltSfJFE5oFkP,Transplantation,Transplantation ,,,,A planifier,"10,0",,,,Achillée millefeuille
1ère Récolte Achillée millefeuille,rece1f5R3vXp9Sxwl,1ère Récolte,1ère Récolte ,,,,A planifier,"10,0",,,,Achillée millefeuille
Semis pépinière Brocoli,recuWxRw2d5CUt1ae,Semis pépinière,Semis pépinière ,,,,A planifier,"5,0",,,,Brocoli
Transplantation Brocoli,recrcMp4BFQTnuyFr,Transplantation,Transplantation ,,,,A planifier,"10,0",,,,Brocoli
1ère Récolte Brocoli,rececfrvWgbMcXld6,1ère Récolte,1ère Récolte ,,,,A planifier,"10,0",,,,Brocoli
Semis pépinière Haricots à rames,recv5PmLTpWIUQSfY,Semis pépinière,Semis pépinière ,,,,A planifier,"5,0",,,,Haricots à rames
Transplantation Haricots à rames,rec2XKq0wKF9WnnnL,Transplantation,Transplantation ,,,,A planifier,"10,0",,,,Haricots à rames
1ère Récolte Haricots à rames,recfPigzAzFOf8QVF,1ère Récolte,1ère Récolte ,,,,A planifier,"10,0",,,,Haricots à rames
Semis pépinière Pois de senteur avec feuillage,recHKgpK6qV1lTEVJ,Semis pépinière,Semis pépinière ,,,,A planifier,"5,0",,,,Pois de senteur avec feuillage
Transplantation Pois de senteur avec feuillage,recMrRTRbFo8C6ZyB,Transplantation,Transplantation ,,,,A planifier,"10,0",,,,Pois de senteur avec feuillage
1ère Récolte Pois de senteur avec feuillage,recrf4rh8feas5qKw,1ère Récolte,1ère Récolte ,,,,A planifier,"10,0",,,,Pois de senteur avec feuillage
Semis pépinière Matricaire,recr0oBfVc4MZHtYb,Semis pépinière,Semis pépinière ,,,,A planifier,"5,0",,,,Matricaire
Transplantation Matricaire,recvRaeswDjcyoOe1,Transplantation,Transplantation ,,,,A planifier,"10,0",,,,Matricaire
1ère Récolte Matricaire,recQZqyL9Y7ypDPa5,1ère Récolte,1ère Récolte ,,,,A planifier,"10,0",,,,Matricaire
Semis pépinière Scabieuse Fama,reclVJBHhpVAFcHSj,Semis pépinière,Semis pépinière ,,,,A planifier,"5,0",,,,Scabieuse Fama
Transplantation Scabieuse Fama,recz2qpDwdp9obugg,Transplantation,Transplantation ,,,,A planifier,"10,0",,,,Scabieuse Fama
1ère Récolte Scabieuse Fama,recAZ4LGZRhwwCRfr,1ère Récolte,1ère Récolte ,,,,A planifier,"10,0",,,,Scabieuse Fama
Semis pépinière Immortelle,recB0UnwgMMURSFOU,Semis pépinière,Semis pépinière ,,,,A planifier,"5,0",,,,Immortelle
Transplantation Immortelle,recOQhusK48whaZ4a,Transplantation,Transplantation ,,,,A planifier,"10,0",,,,Immortelle
1ère Récolte Immortelle,recLBGnFKOIV1PDo5,1ère Récolte,1ère Récolte ,,,,A planifier,"10,0",,,,Immortelle
Semis pépinière Oignons (conservation),recI6XLARozwaokOt,Semis pépinière,Semis pépinière ,,,,A planifier,"5,0",,,,Oignons (conservation)
Transplantation Oignons (conservation),recNiAqybPbqP0mX0,Transplantation,Transplantation ,,,,A planifier,"10,0",,,,Oignons (conservation)
1ère Récolte Oignons (conservation),recbIDrEFpYMTvOlx,1ère Récolte,1ère Récolte ,,,,A planifier,"10,0",,,,Oignons (conservation)
Semis pépinière Chou kale,recFFsI5LYKuoKsp1,Semis pépinière,Semis pépinière ,,,,A planifier,"5,0",,,,Chou kale
Transplantation Chou kale,recF3F0nBR8YOK4Cu,Transplantation,Transplantation ,,,,A planifier,"10,0",,,,Chou kale
1ère Récolte Chou kale,recELAFfwPYtMQJNr,1ère Récolte,1ère Récolte ,,,,A planifier,"10,0",,,,Chou kale
Semis pépinière Orlaya,recifRpm1WZTjagRZ,Semis pépinière,Semis pépinière ,,,,A planifier,"5,0",,,,Orlaya
Transplantation Orlaya,recglU3uNbDYi9tVg,Transplantation,Transplantation ,,,,A planifier,"10,0",,,,Orlaya
1ère Récolte Orlaya,rechLmRfJRgwikxtt,1ère Récolte,1ère Récolte ,,,,A planifier,"10,0",,,,Orlaya
Semis pépinière Bette à carde,recDdwZrrn95S0aUz,Semis pépinière,Semis pépinière ,,,,A planifier,"5,0",,,,Bette à carde
Transplantation Bette à carde,rece3PAhf2DoYMOBo,Transplantation,Transplantation ,,,,A planifier,"10,0",,,,Bette à carde
1ère Récolte Bette à carde,recpxfQU5SfHJxqyY,1ère Récolte,1ère Récolte ,,,,A planifier,"10,0",,,,Bette à carde
Semis pépinière Lunaire,rec8ijmubdybEoauL,Semis pépinière,Semis pépinière ,,,,A planifier,"5,0",,,,Lunaire
Transplantation Lunaire,recN16eAWALFCKREL,Transplantation,Transplantation ,,,,A planifier,"10,0",,,,Lunaire
1ère Récolte Lunaire,rec0DIfcx9Ns391j1,1ère Récolte,1ère Récolte ,,,,A planifier,"10,0",,,,Lunaire
Semis pépinière Lupin,reccgkrblsIaoTU97,Semis pépinière,Semis pépinière ,,,,A planifier,"5,0",,,,Lupin
Transplantation Lupin,recidkdNgL5awaAfv,Transplantation,Transplantation ,,,,A planifier,"10,0",,,,Lupin
1ère Récolte Lupin,recyvqdl1OGIQdoJr,1ère Récolte,1ère Récolte ,,,,A planifier,"10,0",,,,Lupin
Semis pépinière Mignonette,receug2giGLoDn6sH,Semis pépinière,Semis pépinière ,,,,A planifier,"5,0",,,,Mignonette
Transplantation Mignonette,rec94fe1yeOCcJmKN,Transplantation,Transplantation ,,,,A planifier,"10,0",,,,Mignonette
1ère Récolte Mignonette,recVecqv0uVd6H7Vj,1ère Récolte,1ère Récolte ,,,,A planifier,"10,0",,,,Mignonette
Semis pépinière Chou-fleur (romanesco),recreQXK0F5fVPU1V,Semis pépinière,Semis pépinière ,,,,A planifier,"5,0",,,,Chou-fleur (romanesco)
Transplantation Chou-fleur (romanesco),recTdb02OUOkNIy3d,Transplantation,Transplantation ,,,,A planifier,"10,0",,,,Chou-fleur (romanesco)
1ère Récolte Chou-fleur (romanesco),rec7Uh67j5B7Lhpey,1ère Récolte,1ère Récolte ,,,,A planifier,"10,0",,,,Chou-fleur (romanesco)
Semis pépinière Campanule,recF0B6OXEaXkNMhR,Semis pépinière,Semis pépinière ,,,,A planifier,"5,0",,,,Campanule
Transplantation Campanule,recVub0Wo1msTTB3I,Transplantation,Transplantation ,,,,A planifier,"10,0",,,,Campanule
1ère Récolte Campanule,recxPqJpHNfyUHBYs,1ère Récolte,1ère Récolte ,,,,A planifier,"10,0",,,,Campanule
Semis pépinière Pavot,recwJXYVMx7Vu3IrQ,Semis pépinière,Semis pépinière ,,,,A planifier,"5,0",,,,Pavot
Transplantation Pavot,recQAoNhjr0wgRW5S,Transplantation,Transplantation ,,,,A planifier,"10,0",,,,Pavot
1ère Récolte Pavot,receboRb3lEacCw9f,1ère Récolte,1ère Récolte ,,,,A planifier,"10,0",,,,Pavot
Semis pépinière Asclépiade,recBuf6q63CBoCT0N,Semis pépinière,Semis pépinière ,,,,A planifier,"5,0",,,,Asclépiade
Transplantation Asclépiade,recMJ50yJbNm0vv39,Transplantation,Transplantation ,,,,A planifier,"10,0",,,,Asclépiade
1ère Récolte Asclépiade,recb23DsK6WP88kSq,1ère Récolte,1ère Récolte ,,,,A planifier,"10,0",,,,Asclépiade
Semis pépinière Oseille,rec3xvELS2DyhLvYZ,Semis pépinière,Semis pépinière ,,,,A planifier,"5,0",,,,Oseille
Transplantation Oseille,rec3TxfrgX6Nb3WUT,Transplantation,Transplantation ,,,,A planifier,"10,0",,,,Oseille
1ère Récolte Oseille,rec2sBj6Rht1UVekW,1ère Récolte,1ère Récolte ,,,,A planifier,"10,0",,,,Oseille
Semis pépinière Chou (Milan),rec2Fc0B4kmaTCU8X,Semis pépinière,Semis pépinière ,,,,A planifier,"5,0",,,,Chou (Milan)
Transplantation Chou (Milan),recKWRHRdzbCNK5E8,Transplantation,Transplantation ,,,,A planifier,"10,0",,,,Chou (Milan)
1ère Récolte Chou (Milan),recKKC47BIv0dHNcf,1ère Récolte,1ère Récolte ,,,,A planifier,"10,0",,,,Chou (Milan)
Semis pépinière Chou Cavalier,recBzD1k98zL3Xk8U,Semis pépinière,Semis pépinière ,,,,A planifier,"5,0",,,,Chou Cavalier
Transplantation Chou Cavalier,recJOUxt71E1CkjtK,Transplantation,Transplantation ,,,,A planifier,"10,0",,,,Chou Cavalier
1ère Récolte Chou Cavalier,recF4shUGqpyTv4a6,1ère Récolte,1ère Récolte ,,,,A planifier,"10,0",,,,Chou Cavalier
Semis pépinière Fenouil (mini),recyFPBqmPmhkqRxb,Semis pépinière,Semis pépinière ,,,,A planifier,"5,0",,,,Fenouil (mini)
Transplantation Fenouil (mini),recEbOpq8LXYuVZ4y,Transplantation,Transplantation ,,,,A planifier,"10,0",,,,Fenouil (mini)
1ère Récolte Fenouil (mini),rec70t3BIMwKi0XAW,1ère Récolte,1ère Récolte ,,,,A planifier,"10,0",,,,Fenouil (mini)
Semis pépinière Centaurée bleuet,rechwUyhclMmmpi92,Semis pépinière,Semis pépinière ,,,,A planifier,"5,0",,,,Centaurée bleuet
Transplantation Centaurée bleuet,recEfrDLfLcqjILdb,Transplantation,Transplantation ,,,,A planifier,"10,0",,,,Centaurée bleuet
1ère Récolte Centaurée bleuet,recOLJUEA4vWFwN9p,1ère Récolte,1ère Récolte ,,,,A planifier,"10,0",,,,Centaurée bleuet
Semis pépinière Poivrons (serre),rec3gBrCk9Se8H3N4,Semis pépinière,Semis pépinière ,,,,A planifier,"5,0",,,"☐ Semis pépinière,☐ Semis pépinière",Poivrons (serre)
Transplantation Poivrons (serre),reclIb4nvIMT618e4,Transplantation,Transplantation ,,,,A planifier,"10,0",,,"☐ Transplantation,☐ Transplantation",Poivrons (serre)
1ère Récolte Poivrons (serre),recarVNExrvHtWn83,1ère Récolte,1ère Récolte ,,,,A planifier,"10,0",,,"☐ 1ère Récolte,☐ 1ère Récolte",Poivrons (serre)
Semis pépinière Monarde,recKHvpLYQebxJ6jB,Semis pépinière,Semis pépinière ,,,,A planifier,"5,0",,,,Monarde
Transplantation Monarde,recKqhCu1znd8ab7v,Transplantation,Transplantation ,,,,A planifier,"10,0",,,,Monarde
1ère Récolte Monarde,recYnnlMF3z7QM0fE,1ère Récolte,1ère Récolte ,,,,A planifier,"10,0",,,,Monarde
Semis pépinière Citrouille,recPwmBdBnswYZUki,Semis pépinière,Semis pépinière ,,,,A planifier,"5,0",,,,Citrouille
Transplantation Citrouille,recMQJ6xljCW82ion,Transplantation,Transplantation ,,,,A planifier,"10,0",,,,Citrouille
1ère Récolte Citrouille,recummKFlN6tVUiBw,1ère Récolte,1ère Récolte ,,,,A planifier,"10,0",,,,Citrouille
Semis pépinière Aster de Chine,recIsm9NqKnidXOJQ,Semis pépinière,Semis pépinière ,,,,A planifier,"5,0",,,,Aster de Chine
Transplantation Aster de Chine,rec1aeA40vuvscJ9A,Transplantation,Transplantation ,,,,A planifier,"10,0",,,,Aster de Chine
1ère Récolte Aster de Chine,rec3Tawz4ZjCITzFj,1ère Récolte,1ère Récolte ,,,,A planifier,"10,0",,,,Aster de Chine
Semis pépinière Talinum,recpFLafxC2CvLVkG,Semis pépinière,Semis pépinière ,,,,A planifier,"5,0",,,,Talinum
Transplantation Talinum,receXsFepzp1Q6l4a,Transplantation,Transplantation ,,,,A planifier,"10,0",,,,Talinum
1ère Récolte Talinum,rec5KisTNgUdvNuYK,1ère Récolte,1ère Récolte ,,,,A planifier,"10,0",,,,Talinum
Semis pépinière Brocoli-rave,recd74AL9LYRpecrw,Semis pépinière,Semis pépinière ,,,,A planifier,"5,0",,,,Brocoli-rave
Transplantation Brocoli-rave,recdR2kA7OvXdIOzx,Transplantation,Transplantation ,,,,A planifier,"10,0",,,,Brocoli-rave
1ère Récolte Brocoli-rave,rec6HvMqYv5P57q3w,1ère Récolte,1ère Récolte ,,,,A planifier,"10,0",,,,Brocoli-rave
Semis pépinière Nicotine,recWk2xwsMb2UDgqo,Semis pépinière,Semis pépinière ,,,,A planifier,"5,0",,,,Nicotine
Transplantation Nicotine,recoDVpq0K9o6t6cO,Transplantation,Transplantation ,,,,A planifier,"10,0",,,,Nicotine
1ère Récolte Nicotine,recPASzHNPq30kxE8,1ère Récolte,1ère Récolte ,,,,A planifier,"10,0",,,,Nicotine
Semis pépinière Hibiscus,recuGx0JI2kmpieOP,Semis pépinière,Semis pépinière ,,,,A planifier,"5,0",,,,Hibiscus
Transplantation Hibiscus,recZ8j6wZPlZUxj1k,Transplantation,Transplantation ,,,,A planifier,"10,0",,,,Hibiscus
1ère Récolte Hibiscus,recDWXPWtvu2OCCYC,1ère Récolte,1ère Récolte ,,,,A planifier,"10,0",,,,Hibiscus
Semis pépinière Chou-rave,recmihzy7MjJdRyzI,Semis pépinière,Semis pépinière ,,,,A planifier,"5,0",,,,Chou-rave
Transplantation Chou-rave,recQsnwm6DE5KlaBQ,Transplantation,Transplantation ,,,,A planifier,"10,0",,,,Chou-rave
1ère Récolte Chou-rave,recgUGOTEU0JKGHCq,1ère Récolte,1ère Récolte ,,,,A planifier,"10,0",,,,Chou-rave
Semis pépinière Céleri,recacJW1B9H9XUfWp,Semis pépinière,Semis pépinière ,,,,A planifier,"5,0",,,,Céleri
Transplantation Céleri,recEB9VEmAhOFAQwv,Transplantation,Transplantation ,,,,A planifier,"10,0",,,,Céleri
1ère Récolte Céleri,recbZTweS37BvOgm1,1ère Récolte,1ère Récolte ,,,,A planifier,"10,0",,,,Céleri
Semis pépinière Fenouil,rec7QeUnSw6h96v9M,Semis pépinière,Semis pépinière ,,,,A planifier,"5,0",,,,Fenouil
Transplantation Fenouil,recsJ8kN0ckayrkUC,Transplantation,Transplantation ,,,,A planifier,"10,0",,,,Fenouil
1ère Récolte Fenouil,reclakeT4rwVjyhbC,1ère Récolte,1ère Récolte ,,,,A planifier,"10,0",,,,Fenouil
Semis pépinière Eucalyptus,recf0SFBfriRZIBtV,Semis pépinière,Semis pépinière ,,,,A planifier,"5,0",,,,Eucalyptus
Transplantation Eucalyptus,recR2Rm8e1yKR6a7s,Transplantation,Transplantation ,,,,A planifier,"10,0",,,,Eucalyptus
1ère Récolte Eucalyptus,recxUJSuuDYRhybVV,1ère Récolte,1ère Récolte ,,,,A planifier,"10,0",,,,Eucalyptus
Semis pépinière Cobé,reckScopGPSUG64On,Semis pépinière,Semis pépinière ,,,,A planifier,"5,0",,,,Cobé
Transplantation Cobé,recxKbTBvF7Bt4r3o,Transplantation,Transplantation ,,,,A planifier,"10,0",,,,Cobé
1ère Récolte Cobé,rec5iwvhOahxc1QqD,1ère Récolte,1ère Récolte ,,,,A planifier,"10,0",,,,Cobé
Semis pépinière Tagète,recn93WscoTr5RLUO,Semis pépinière,Semis pépinière ,,,,A planifier,"5,0",,,,Tagète
Transplantation Tagète,rec1wHzfzXzW2HhDG,Transplantation,Transplantation ,,,,A planifier,"10,0",,,,Tagète
1ère Récolte Tagète,recnemQ0rgndc7J1Q,1ère Récolte,1ère Récolte ,,,,A planifier,"10,0",,,,Tagète
Semis pépinière Rudbeckie,recA0J8tkgEECwK9j,Semis pépinière,Semis pépinière ,,,,A planifier,"5,0",,,,Rudbeckie
Transplantation Rudbeckie,recfOHMEhjoizgerH,Transplantation,Transplantation ,,,,A planifier,"10,0",,,,Rudbeckie
1ère Récolte Rudbeckie,rec8P1FRc7wGiaP5Z,1ère Récolte,1ère Récolte ,,,,A planifier,"10,0",,,,Rudbeckie
Semis pépinière Melon d'eau,recO9oCnYdorjX8Gf,Semis pépinière,Semis pépinière ,,,,A planifier,"5,0",,,,Melon d'eau
Transplantation Melon d'eau,recUGODiNImuA5cAQ,Transplantation,Transplantation ,,,,A planifier,"10,0",,,,Melon d'eau
1ère Récolte Melon d'eau,rec4kYmLqE8snWPyu,1ère Récolte,1ère Récolte ,,,,A planifier,"10,0",,,,Melon d'eau
Semis pépinière Cerise de terre,recMn3Mq33xypJnNu,Semis pépinière,Semis pépinière ,,,,A planifier,"5,0",,,,Cerise de terre
Transplantation Cerise de terre,recrJFuhJJIpvU6Bj,Transplantation,Transplantation ,,,,A planifier,"10,0",,,,Cerise de terre
1ère Récolte Cerise de terre,recEnxEvEdzs825l3,1ère Récolte,1ère Récolte ,,,,A planifier,"10,0",,,,Cerise de terre
Semis pépinière Concombre (serre),rec55VArHpYEDNWSq,Semis pépinière,Semis pépinière ,,,,A planifier,"5,0",,,"☐ Semis pépinière,☐ Semis pépinière",Concombre (serre)
Transplantation Concombre (serre),recMlPGFwKhWbroKM,Transplantation,Transplantation ,,,,A planifier,"10,0",,,"☐ Transplantation,☐ Transplantation",Concombre (serre)
1ère Récolte Concombre (serre),recdkzWMnHe1VtRFL,1ère Récolte,1ère Récolte ,,,,A planifier,"10,0",,,"☐ 1ère Récolte,☐ 1ère Récolte",Concombre (serre)
Semis pépinière Curcuma,recTjl608bTAvXAFs,Semis pépinière,Semis pépinière ,,,,A planifier,"5,0",,,,Curcuma
Transplantation Curcuma,recl2Yls7TaxVlBHo,Transplantation,Transplantation ,,,,A planifier,"10,0",,,,Curcuma
1ère Récolte Curcuma,reciNhOiywRTKM4Yz,1ère Récolte,1ère Récolte ,,,,A planifier,"10,0",,,,Curcuma
Semis pépinière Chou ornamental,recrUiX3x7To2NAad,Semis pépinière,Semis pépinière ,,,,A planifier,"5,0",,,,Chou ornamental
Transplantation Chou ornamental,recpkxCgQ3gEtdkTq,Transplantation,Transplantation ,,,,A planifier,"10,0",,,,Chou ornamental
1ère Récolte Chou ornamental,recO0Vv17MyQM1Qdk,1ère Récolte,1ère Récolte ,,,,A planifier,"10,0",,,,Chou ornamental
Semis pépinière Godetie,recZtb7r6qVnhVNYe,Semis pépinière,Semis pépinière ,,,,A planifier,"5,0",,,,Godetie
Transplantation Godetie,rec5qHgXXchCDy4qm,Transplantation,Transplantation ,,,,A planifier,"10,0",,,,Godetie
1ère Récolte Godetie,recStPvJztjqxlNrF,1ère Récolte,1ère Récolte ,,,,A planifier,"10,0",,,,Godetie
Semis pépinière Thym,recZw2ArYSPfP3pFi,Semis pépinière,Semis pépinière ,,,,A planifier,"5,0",,,,Thym
Transplantation Thym,recwEkW9PFTPglK0x,Transplantation,Transplantation ,,,,A planifier,"10,0",,,,Thym
1ère Récolte Thym,rec6vV2wNy1tgqyAy,1ère Récolte,1ère Récolte ,,,,A planifier,"10,0",,,,Thym
Semis pépinière Poivrons (champs),rec7YFZcXfSy7zmF8,Semis pépinière,Semis pépinière ,,,,A planifier,"5,0",,,,Poivrons (champs)
Transplantation Poivrons (champs),recnoEuE7ODoTznSw,Transplantation,Transplantation ,,,,A planifier,"10,0",,,,Poivrons (champs)
1ère Récolte Poivrons (champs),recXIGidTdrgtO6J6,1ère Récolte,1ère Récolte ,,,,A planifier,"10,0",,,,Poivrons (champs)
Semis pépinière Radis d'hiver,reci43lh0ek9rLVRy,Semis pépinière,Semis pépinière ,,,,A planifier,"5,0",,,,Radis d'hiver
Transplantation Radis d'hiver,rechgQ4DRgxVDE4it,Transplantation,Transplantation ,,,,A planifier,"10,0",,,,Radis d'hiver
1ère Récolte Radis d'hiver,recv6cbYGwM4lG68E,1ère Récolte,1ère Récolte ,,,,A planifier,"10,0",,,,Radis d'hiver
Semis pépinière Muflier,recWiATpMBntT5vzN,Semis pépinière,Semis pépinière ,,,,A planifier,"5,0",,,,Muflier
Transplantation Muflier,recsz1r2oLaF8aak2,Transplantation,Transplantation ,,,,A planifier,"10,0",,,,Muflier
1ère Récolte Muflier,recVmeYaTP8E63FKo,1ère Récolte,1ère Récolte ,,,,A planifier,"10,0",,,,Muflier
Semis pépinière Lisianthus,rec6GtUrXVdJA88PN,Semis pépinière,Semis pépinière ,,,,A planifier,"5,0",,,,Lisianthus
Transplantation Lisianthus,recWUdtsBh4UYDq5H,Transplantation,Transplantation ,,,,A planifier,"10,0",,,,Lisianthus
1ère Récolte Lisianthus,recM9NbtB6aFvisFe,1ère Récolte,1ère Récolte ,,,,A planifier,"10,0",,,,Lisianthus
Semis pépinière Courgettes d'été,recrnJdJQrB7S14HD,Semis pépinière,Semis pépinière ,,,,A planifier,"5,0",,,"☐ Semis pépinière,☐ Semis pépinière",Courgettes d'été
Transplantation Courgettes d'été,recBYznrLP70PRiaT,Transplantation,Transplantation ,,,,A planifier,"10,0",,,"☐ Transplantation,☐ Transplantation",Courgettes d'été
1ère Récolte Courgettes d'été,recKgPXoDoOQZsQ8H,1ère Récolte,1ère Récolte ,,,,A planifier,"10,0",,,"☐ 1ère Récolte,☐ 1ère Récolte",Courgettes d'été
Semis pépinière Buplèvre,recdkdoeZoqZD7Vxo,Semis pépinière,Semis pépinière ,,,,A planifier,"5,0",,,,Buplèvre
Transplantation Buplèvre,rec3q5T4wrqpxYcsB,Transplantation,Transplantation ,,,,A planifier,"10,0",,,,Buplèvre
1ère Récolte Buplèvre,recUdTppDYXXfuHmX,1ère Récolte,1ère Récolte ,,,,A planifier,"10,0",,,,Buplèvre
Semis pépinière Zinnia,reclQ9J5DBG7DyUUR,Semis pépinière,Semis pépinière ,,,,A planifier,"5,0",,,,Zinnia
Transplantation Zinnia,recebKFthCDOHdgin,Transplantation,Transplantation ,,,,A planifier,"10,0",,,,Zinnia
1ère Récolte Zinnia,recvQrnaP8p5UouRH,1ère Récolte,1ère Récolte ,,,,A planifier,"10,0",,,,Zinnia
Semis pépinière Ageratum,recaINOjvKD5PuEko,Semis pépinière,Semis pépinière ,,,,A planifier,"5,0",,,,Ageratum
Transplantation Ageratum,recOEmyaFoS4vl9ka,Transplantation,Transplantation ,,,,A planifier,"10,0",,,,Ageratum
1ère Récolte Ageratum,recuMBuyZY7kBRg1g,1ère Récolte,1ère Récolte ,,,,A planifier,"10,0",,,,Ageratum
Semis pépinière Didiscus,recAqZbEptL5Il0ig,Semis pépinière,Semis pépinière ,,,,A planifier,"5,0",,,,Didiscus
Transplantation Didiscus,recM5b2HSd4WwZHnt,Transplantation,Transplantation ,,,,A planifier,"10,0",,,,Didiscus
1ère Récolte Didiscus,recAgXfWJcmlpGsAM,1ère Récolte,1ère Récolte ,,,,A planifier,"10,0",,,,Didiscus
Semis pépinière Oignon vert,recMiabF5EAfwWDHk,Semis pépinière,Semis pépinière ,,,,A planifier,"5,0",,,,Oignon vert
Transplantation Oignon vert,recV4GLAisFohNDxG,Transplantation,Transplantation ,,,,A planifier,"10,0",,,,Oignon vert
1ère Récolte Oignon vert,rec7FIg6tPGVPWtcD,1ère Récolte,1ère Récolte ,,,,A planifier,"10,0",,,,Oignon vert
Semis pépinière Digitale,recWw2G7tKook7UQT,Semis pépinière,Semis pépinière ,,,,A planifier,"5,0",,,,Digitale
Transplantation Digitale,rec8OFHGh18fGivH3,Transplantation,Transplantation ,,,,A planifier,"10,0",,,,Digitale
1ère Récolte Digitale,rec9iWagpaPvMNMoK,1ère Récolte,1ère Récolte ,,,,A planifier,"10,0",,,,Digitale
Semis pépinière Melon,recr8YFbIixX291gi,Semis pépinière,Semis pépinière ,,,,A planifier,"5,0",,,"☐ Semis pépinière,☐ Semis pépinière",Melon
Transplantation Melon,recAzrE0wrKzJ2ZKh,Transplantation,Transplantation ,,,,A planifier,"10,0",,,"☐ Transplantation,☐ Transplantation",Melon
1ère Récolte Melon,recjvZphgD83w7uam,1ère Récolte,1ère Récolte ,,,,A planifier,"10,0",,,"☐ 1ère Récolte,☐ 1ère Récolte",Melon
Semis pépinière Eringium,recvOP6EtFRR317L1,Semis pépinière,Semis pépinière ,,,,A planifier,"5,0",,,,Eringium
Transplantation Eringium,recy2J0cl4A1V13vI,Transplantation,Transplantation ,,,,A planifier,"10,0",,,,Eringium
1ère Récolte Eringium,recvRD2cQbalJP8Rz,1ère Récolte,1ère Récolte ,,,,A planifier,"10,0",,,,Eringium
Semis pépinière Choux de Bruxelles,recZiymKBAgD60zvu,Semis pépinière,Semis pépinière ,,,,A planifier,"5,0",,,,Choux de Bruxelles
Transplantation Choux de Bruxelles,recqqO1gBiS6ym9Md,Transplantation,Transplantation ,,,,A planifier,"10,0",,,,Choux de Bruxelles
1ère Récolte Choux de Bruxelles,recCuqF5dv61Oq5qh,1ère Récolte,1ère Récolte ,,,,A planifier,"10,0",,,,Choux de Bruxelles
Semis pépinière Phlox,recJuXPPiU2i2uGwt,Semis pépinière,Semis pépinière ,,,,A planifier,"5,0",,,,Phlox
Transplantation Phlox,recuKm7xVlWemGuMu,Transplantation,Transplantation ,,,,A planifier,"10,0",,,,Phlox
1ère Récolte Phlox,recBZp3Uomy0GxYBv,1ère Récolte,1ère Récolte ,,,,A planifier,"10,0",,,,Phlox
Semis pépinière Soupir de bébé,recwYgMosFgdCNLYd,Semis pépinière,Semis pépinière ,,,,A planifier,"5,0",,,,Soupir de bébé
Transplantation Soupir de bébé,recenoHYL6Yn74xhP,Transplantation,Transplantation ,,,,A planifier,"10,0",,,,Soupir de bébé
1ère Récolte Soupir de bébé,recw1GoEmqiVBobXR,1ère Récolte,1ère Récolte ,,,,A planifier,"10,0",,,,Soupir de bébé
Semis pépinière Cloches d'Irlande,recfUANzNExGZ2PQX,Semis pépinière,Semis pépinière ,,,,A planifier,"5,0",,,,Cloches d'Irlande
Transplantation Cloches d'Irlande,rectU344pZ5ZbXDSv,Transplantation,Transplantation ,,,,A planifier,"10,0",,,,Cloches d'Irlande
1ère Récolte Cloches d'Irlande,recIpabxds3BhIjOy,1ère Récolte,1ère Récolte ,,,,A planifier,"10,0",,,,Cloches d'Irlande
Semis pépinière Chou (chinois),rec9j6AP8ZdNrcjhe,Semis pépinière,Semis pépinière ,,,,A planifier,"5,0",,,,Chou (chinois)
Transplantation Chou (chinois),recJKcm7rPf3q7M5A,Transplantation,Transplantation ,,,,A planifier,"10,0",,,,Chou (chinois)
1ère Récolte Chou (chinois),recMmltxEuxTlIiUR,1ère Récolte,1ère Récolte ,,,,A planifier,"10,0",,,,Chou (chinois)
Semis pépinière Chicorée scarole,rechCWMKYwpqkqAjq,Semis pépinière,Semis pépinière ,,,,A planifier,"5,0",,,,Chicorée scarole
Transplantation Chicorée scarole,recavgj3q0JwK2FXZ,Transplantation,Transplantation ,,,,A planifier,"10,0",,,,Chicorée scarole
1ère Récolte Chicorée scarole,recInldmli9EhY0WC,1ère Récolte,1ère Récolte ,,,,A planifier,"10,0",,,,Chicorée scarole
Semis direct Radis,recFjki0emTZkzC9Z,Semis direct,Semis direct ,,,,A planifier,"4,0",,,,Radis
1ère Récolte Radis,reczdpdHyrhOtdenw,1ère Récolte,1ère Récolte ,,,,A planifier,"10,0",,,,Radis
Semis direct Petits pois,recnVSztixooKSjzt,Semis direct,Semis direct ,,,,A planifier,"4,0",,,,Petits pois
1ère Récolte Petits pois,rechelPaiGqKr8atO,1ère Récolte,1ère Récolte ,,,,A planifier,"10,0",,,,Petits pois
Semis direct Mâche,recqvKJ0muNdWKnas,Semis direct,Semis direct ,,,,A planifier,"4,0",,,,Mâche
1ère Récolte Mâche,recbJoJwjkpIhe7Xt,1ère Récolte,1ère Récolte ,,,,A planifier,"10,0",,,,Mâche
Semis direct Pois mange-tout,recsyWmCSkqJUBytM,Semis direct,Semis direct ,,,,A planifier,"4,0",,,,Pois mange-tout
1ère Récolte Pois mange-tout,recZBcAi8ZEQdsWRo,1ère Récolte,1ère Récolte ,,,,A planifier,"10,0",,,,Pois mange-tout
Semis direct Carottes (conservation),recz0kV03y9jC7Oms,Semis direct,Semis direct ,,,,A planifier,"4,0",,,,Carottes (conservation)
1ère Récolte Carottes (conservation),recU7Ca8Asr7tb3cn,1ère Récolte,1ère Récolte ,,,,A planifier,"10,0",,,,Carottes (conservation)
Semis direct Roquette,recs3Pz5d0oqkrcrM,Semis direct,Semis direct ,,,,A planifier,"4,0",,,,Roquette
1ère Récolte Roquette,rectze12sw8fIxqJZ,1ère Récolte,1ère Récolte ,,,,A planifier,"10,0",,,,Roquette
Semis direct Maïs,recV7NuWBDU2jRKu4,Semis direct,Semis direct ,,,,A planifier,"4,0",,,,Maïs
1ère Récolte Maïs,recpKzE6EvVqI7u3a,1ère Récolte,1ère Récolte ,,,,A planifier,"10,0",,,,Maïs
Semis direct Pommes de terre (conservation),rec9YhuesRObmAsTR,Semis direct,Semis direct ,,,,A planifier,"4,0",,,,Pommes de terre (conservation)
1ère Récolte Pommes de terre (conservation),recG13fT2nKeEQc7V,1ère Récolte,1ère Récolte ,,,,A planifier,"10,0",,,,Pommes de terre (conservation)
Semis direct Pommes de terre (nouvelles),recPyWiaZirXPrSSb,Semis direct,Semis direct ,,,,A planifier,"4,0",,,,Pommes de terre (nouvelles)
1ère Récolte Pommes de terre (nouvelles),recAbIRgmCmFl5bAe,1ère Récolte,1ère Récolte ,,,,A planifier,"10,0",,,,Pommes de terre (nouvelles)
Semis direct Salsifis,recsVWgZt4xhEF3lM,Semis direct,Semis direct ,,,,A planifier,"4,0",,,,Salsifis
1ère Récolte Salsifis,rec5MDLDe7RzTwDm6,1ère Récolte,1ère Récolte ,,,,A planifier,"10,0",,,,Salsifis
Semis direct Navet,recBD8PSA3Ce0HRNs,Semis direct,Semis direct ,,,,A planifier,"4,0",,,,Navet
1ère Récolte Navet,recc4FmR3YlgiSF2H,1ère Récolte,1ère Récolte ,,,,A planifier,"10,0",,,,Navet
Semis direct Carottes (primeur),recGmRDYNfp6xQXwc,Semis direct,Semis direct ,,,,A planifier,"4,0",,,,Carottes (primeur)
1ère Récolte Carottes (primeur),recjskoWbPJA9NC8b,1ère Récolte,1ère Récolte ,,,,A planifier,"10,0",,,,Carottes (primeur)
Semis direct Rabiole (hakurei),recySnuOe3yWSmhi0,Semis direct,Semis direct ,,,,A planifier,"4,0",,,,Rabiole (hakurei)
1ère Récolte Rabiole (hakurei),recZH45y11KqufMpM,1ère Récolte,1ère Récolte ,,,,A planifier,"10,0",,,,Rabiole (hakurei)